[
    {
        "city": "Baia Farta",
        "area_code": "72",
        "dialing_code": "+244 72"
    },
    {
        "city": "Bela Vista",
        "area_code": "72",
        "dialing_code": "+244 72"
    },
    {
        "city": "Benguela",
        "area_code": "72",
        "dialing_code": "+244 72"
    },
    {
        "city": "Cabinda",
        "area_code": "31",
        "dialing_code": "+244 31"
    },
    {
        "city": "Catete",
        "area_code": "34",
        "dialing_code": "+244 34"
    },
    {
        "city": "Catumbela",
        "area_code": "72",
        "dialing_code": "+244 72"
    },
    {
        "city": "Caxito",
        "area_code": "34",
        "dialing_code": "+244 34"
    },
    {
        "city": "Cubal",
        "area_code": "72",
        "dialing_code": "+244 72"
    },
    {
        "city": "Cunene",
        "area_code": "65",
        "dialing_code": "+244 65"
    },
    {
        "city": "Dombe Grande",
        "area_code": "72",
        "dialing_code": "+244 72"
    },
    {
        "city": "Ganda",
        "area_code": "72",
        "dialing_code": "+244 72"
    },
    {
        "city": "Huambo",
        "area_code": "41",
        "dialing_code": "+244 41"
    },
    {
        "city": "Huila",
        "area_code": "61",
        "dialing_code": "+244 61"
    },
    {
        "city": "Kuito",
        "area_code": "48",
        "dialing_code": "+244 48"
    },
    {
        "city": "Lobito",
        "area_code": "72",
        "dialing_code": "+244 72"
    },
    {
        "city": "Luanda",
        "area_code": "2",
        "dialing_code": "+244 2"
    },
    {
        "city": "Lubango",
        "area_code": "61",
        "dialing_code": "+244 61"
    },
    {
        "city": "Lucapa",
        "area_code": "52",
        "dialing_code": "+244 52"
    },
    {
        "city": "Luena",
        "area_code": "54",
        "dialing_code": "+244 54"
    },
    {
        "city": "Malange",
        "area_code": "51",
        "dialing_code": "+244 51"
    },
    {
        "city": "Menongue",
        "area_code": "49",
        "dialing_code": "+244 49"
    },
    {
        "city": "Mobile Phones - Angola Telecom",
        "area_code": "91",
        "dialing_code": "+244 91"
    },
    {
        "city": "Mobile Phones - Unitel",
        "area_code": "92",
        "dialing_code": "+244 92"
    },
    {
        "city": "Namibe",
        "area_code": "64",
        "dialing_code": "+244 64"
    },
    {
        "city": "Ndalatando",
        "area_code": "35",
        "dialing_code": "+244 35"
    },
    {
        "city": "Ondjiva",
        "area_code": "65",
        "dialing_code": "+244 65"
    },
    {
        "city": "Saurimo",
        "area_code": "53",
        "dialing_code": "+244 53"
    },
    {
        "city": "Sumbe",
        "area_code": "36",
        "dialing_code": "+244 36"
    },
    {
        "city": "Tombwa",
        "area_code": "64",
        "dialing_code": "+244 64"
    },
    {
        "city": "Uyge",
        "area_code": "33",
        "dialing_code": "+244 33"
    },
    {
        "city": "Uýge",
        "area_code": "33",
        "dialing_code": "+244 33"
    },
    {
        "city": "Xangongo",
        "area_code": "65",
        "dialing_code": "+244 65"
    }
]