[
    {
        "city": "Bermejo",
        "area_code": "4",
        "dialing_code": "+591 4"
    },
    {
        "city": "Caranavi",
        "area_code": "2",
        "dialing_code": "+591 2"
    },
    {
        "city": "Cobija",
        "area_code": "3",
        "dialing_code": "+591 3"
    },
    {
        "city": "Cochabamba",
        "area_code": "4",
        "dialing_code": "+591 4"
    },
    {
        "city": "Guayaramerin",
        "area_code": "3",
        "dialing_code": "+591 3"
    },
    {
        "city": "Guayarameryn",
        "area_code": "3",
        "dialing_code": "+591 3"
    },
    {
        "city": "Guayaramerín",
        "area_code": "3",
        "dialing_code": "+591 3"
    },
    {
        "city": "Guayaramerýn",
        "area_code": "3",
        "dialing_code": "+591 3"
    },
    {
        "city": "La Paz",
        "area_code": "2",
        "dialing_code": "+591 2"
    },
    {
        "city": "Mobile Phones - Entel (GSM 190",
        "area_code": "72",
        "dialing_code": "+591 72"
    },
    {
        "city": "Mobile Phones - Entel (TDMA)",
        "area_code": "71",
        "dialing_code": "+591 71"
    },
    {
        "city": "Mobile Phones - Telecel",
        "area_code": "77",
        "dialing_code": "+591 77"
    },
    {
        "city": "Mobile Phones - Viva",
        "area_code": "70",
        "dialing_code": "+591 70"
    },
    {
        "city": "Oruro",
        "area_code": "2",
        "dialing_code": "+591 2"
    },
    {
        "city": "Potosi",
        "area_code": "2",
        "dialing_code": "+591 2"
    },
    {
        "city": "Riberalta",
        "area_code": "3",
        "dialing_code": "+591 3"
    },
    {
        "city": "Santa Ana",
        "area_code": "3",
        "dialing_code": "+591 3"
    },
    {
        "city": "Santa Cruz",
        "area_code": "3",
        "dialing_code": "+591 3"
    },
    {
        "city": "Sucre",
        "area_code": "4",
        "dialing_code": "+591 4"
    },
    {
        "city": "Tarija",
        "area_code": "4",
        "dialing_code": "+591 4"
    },
    {
        "city": "Trinidad",
        "area_code": "3",
        "dialing_code": "+591 3"
    },
    {
        "city": "Villazyn",
        "area_code": "2",
        "dialing_code": "+591 2"
    },
    {
        "city": "Villazýn",
        "area_code": "2",
        "dialing_code": "+591 2"
    },
    {
        "city": "Yacuiba",
        "area_code": "4",
        "dialing_code": "+591 4"
    }
]